player_name,team,opponent,predicted_strikeouts,book,pick_side,line,price,edge,pick_type,game_date,game_pk,pitcher,home_team_proj,away_team_proj,is_home,p_throws,player_name_norm,career_starts,starts_last3_available,starts_last5_available,starts_last10_available,strikeouts_per_game,pitches_per_game,batters_faced_per_game,whiffs_per_game,k_per_pitch,k_rate,whiff_per_pitch_season,avg_velo_season,avg_spin_season,strikeouts_last3,pitches_last3,batters_faced_last3,whiffs_last3,k_per_pitch_last3,k_rate_last3,whiff_per_pitch_last3,avg_velo_last3,avg_spin_last3,strikeouts_last5,pitches_last5,batters_faced_last5,whiffs_last5,k_per_pitch_last5,k_rate_last5,whiff_per_pitch_last5,avg_velo_last5,avg_spin_last5,strikeouts_last10,pitches_last10,batters_faced_last10,whiffs_last10,k_per_pitch_last10,k_rate_last10,whiff_per_pitch_last10,avg_velo_last10,avg_spin_last10,k_trend_last3_vs_last10,velo_trend_last3_vs_last10,whiff_trend_last3_vs_last10,days_rest,opp_strikeouts_per_game_last10,opp_k_rate_last10,event_id,commence_time,home_team_odds,away_team_odds,bookmaker_key,book_last_update,market_key,player_name_odds,side,side_norm,price_sort_key
Reid Detmers,LAA,TOR,0.9185639,BetMGM,under,5.5,100,4.581436097621918,official,2026-04-20,824046,672282,LAA,TOR,1,,reid detmers,111,3,5,10,3.4324324324324325,48.65765765765766,6.558558558558558,6.54054054054054,0.07054249213108683,0.5233516483516484,0.13441955193482688,88.47150893896865,2215.6055757977783,0.6666666666666666,16.0,3.6666666666666665,1.6666666666666667,0.041666666666666664,0.18181818181818182,0.10416666666666667,88.18473748473748,2313.5262515262516,0.6,16.2,3.6,1.8,0.037037037037037035,0.16666666666666666,0.1111111111111111,87.94550915750916,2352.635750915751,1.1,17.3,3.9,2.3,0.06358381502890173,0.28205128205128205,0.1329479768786127,89.11968970503182,2344.5780547522654,-0.43333333333333346,-0.9349522202943348,-0.028781310211946035,222,6.0,0.5702020202020202,043dafafb56c1b3ebf5472c9f3fe428f,2026-04-21T01:39:00Z,Los Angeles Angels,Toronto Blue Jays,betmgm,,pitcher_strikeouts,Reid Detmers,Under,under,100.0
Emerson Hancock,SEA,ATH,1.981344,DraftKings,under,5.5,-135,3.518656015396118,official,2026-04-20,823149,676106,SEA,ATH,1,,emerson hancock,40,3,5,10,2.875,68.775,8.65,6.3,0.04180298073427845,0.33236994219653176,0.0916030534351145,91.06295582069303,2241.460161374386,3.0,31.333333333333332,6.0,4.666666666666667,0.09574468085106383,0.5,0.14893617021276595,92.30041113219481,2301.2508960573477,1.8,25.6,5.8,3.4,0.0703125,0.3103448275862069,0.1328125,92.93344112376133,2252.37414874552,1.9,45.7,7.2,4.1,0.04157549234135667,0.2638888888888889,0.08971553610503283,92.80488892303558,2267.9015028520816,1.1,-0.5044777908407667,0.05922063410773312,207,9.3,0.8857070707070707,253e6890f41456a41767494219509d9b,2026-04-21T01:41:00Z,Seattle Mariners,Athletics,draftkings,,pitcher_strikeouts,Emerson Hancock,Under,under,-135.0
Justin Wrobleski,LAD,COL,1.6103363,DraftKings,under,4.5,-137,2.8896636962890625,official,2026-04-20,824370,680736,COL,LAD,0,,justin wrobleski,32,3,5,10,3.1875,52.625,7.9375,5.25,0.060570071258907364,0.4015748031496063,0.0997624703087886,91.61489474927166,2341.322961232877,1.6666666666666667,17.666666666666668,4.666666666666667,2.6666666666666665,0.09433962264150944,0.35714285714285715,0.1509433962264151,89.92833333333333,2416.4500000000003,1.6,19.6,5.2,2.6,0.08163265306122448,0.3076923076923077,0.1326530612244898,90.56999595141698,2400.4125101214577,2.3,27.0,6.5,2.9,0.08518518518518518,0.35384615384615387,0.10740740740740741,91.44226341859894,2394.765142007115,-0.6333333333333331,-1.5139300852656135,0.04353598881900768,206,9.3,0.9906060606060606,4e58a660bb4f20467d3e4261ec9f47ba,2026-04-21T00:41:00Z,Colorado Rockies,Los Angeles Dodgers,draftkings,,pitcher_strikeouts,Justin Wrobleski,Under,under,-137.0
Bryce Elder,ATL,WSH,5.7819543,DraftKings,over,3.5,-170,2.281954288482666,official,2026-04-20,822749,693821,WSH,ATL,0,,bryce elder,71,3,5,10,4.394366197183099,89.04225352112677,9.04225352112676,8.859154929577464,0.049351471053464095,0.48598130841121495,0.09949383106611831,87.60261379622634,2203.904041283299,6.666666666666667,94.0,9.333333333333334,11.333333333333334,0.07092198581560284,0.7142857142857143,0.12056737588652482,89.14595211946397,2340.1198135788914,6.4,94.4,9.2,11.6,0.06779661016949153,0.6956521739130435,0.1228813559322034,89.2653018312512,2332.0785184732886,5.3,93.4,9.1,9.6,0.056745182012847964,0.5824175824175825,0.10278372591006424,89.22398971845163,2288.686289290227,1.3666666666666671,-0.07803759898766316,0.017783649976460578,208,10.9,1.079090909090909,6e7862ded6af1d5c6d82f19895ccd191,2026-04-20T22:46:00Z,Washington Nationals,Atlanta Braves,draftkings,,pitcher_strikeouts,Bryce Elder,Over,over,-170.0
Jose Quintana,COL,LAD,3.9181144,DraftKings,over,2.5,-154,1.418114423751831,official,2026-04-20,824370,500779,COL,LAD,1,,jose quintana,75,3,5,10,4.1066666666666665,88.45333333333333,8.973333333333333,7.16,0.046427494724148324,0.4576523031203566,0.08094663852879108,86.35650119675908,1963.8587737015232,4.0,83.0,9.0,7.333333333333333,0.04819277108433735,0.4444444444444444,0.08835341365461848,86.79704770568021,1936.0176167374166,3.2,85.2,9.0,6.6,0.03755868544600939,0.35555555555555557,0.07746478873239436,86.98887047193188,1942.0883877574693,3.6,89.9,9.0,6.5,0.04004449388209121,0.4,0.07230255839822025,86.95327892817939,1958.099762247072,0.3999999999999999,-0.15623122249917287,0.016050855256398225,218,8.6,0.8875757575757577,4e58a660bb4f20467d3e4261ec9f47ba,2026-04-21T00:41:00Z,Colorado Rockies,Los Angeles Dodgers,draftkings,,pitcher_strikeouts,Jose Quintana,Over,over,-154.0
JT Ginn,ATH,SEA,5.6579103,BetMGM,over,4.5,110,1.1579103469848633,official,2026-04-20,823149,669372,SEA,ATH,0,,jt ginn,32,3,5,10,4.21875,65.3125,8.78125,8.25,0.0645933014354067,0.4804270462633452,0.12631578947368421,90.6348730787525,1967.6822960049763,4.333333333333333,89.0,9.0,11.666666666666666,0.04868913857677903,0.48148148148148145,0.13108614232209737,89.45136426624522,1963.1863609641387,5.0,90.6,9.0,12.0,0.05518763796909492,0.5555555555555556,0.13245033112582782,89.91925117975869,1938.0509027554642,5.2,86.0,9.0,11.4,0.06046511627906977,0.5777777777777777,0.1325581395348837,90.4568256768107,1913.0192407070012,-0.8666666666666671,-1.0054614105654736,-0.0014719972127863468,207,9.8,0.9944366744366745,253e6890f41456a41767494219509d9b,2026-04-21T01:41:00Z,Seattle Mariners,Athletics,betmgm,,pitcher_strikeouts,JT Ginn,Over,over,110.0
Kyle Bradish,BAL,KC,5.647583,BetMGM,over,4.5,-155,1.1475830078125,official,2026-04-20,824125,680694,KC,BAL,0,,kyle bradish,45,3,5,10,6.155555555555556,86.46666666666667,9.0,9.955555555555556,0.07118992546903109,0.6839506172839506,0.11513749678745824,90.75765198511742,2399.399267580843,8.666666666666666,82.66666666666667,9.0,14.0,0.10483870967741936,0.9629629629629629,0.1693548387096774,90.56176963133485,2422.5909145202622,7.4,82.6,9.0,11.4,0.08958837772397095,0.8222222222222222,0.13801452784503632,90.73246742253988,2414.8118679361432,7.7,83.5,9.0,10.8,0.09221556886227544,0.8555555555555555,0.12934131736526946,91.06380311982237,2415.886536110799,0.9666666666666659,-0.5020334884875126,0.04001352134440794,204,6.7,0.6192346542346543,6a0b76ac89fd72cc8272b53212004e44,2026-04-20T23:41:00Z,Kansas City Royals,Baltimore Orioles,betmgm,,pitcher_strikeouts,Kyle Bradish,Over,over,-155.0
Spencer Arrighetti,HOU,CLE,4.4136105,BetMGM,under,5.5,-160,1.0863895416259766,official,2026-04-20,824450,681293,CLE,HOU,0,,spencer arrighetti,38,3,5,10,5.552631578947368,82.1842105263158,9.052631578947368,10.236842105263158,0.0675632404739033,0.6133720930232558,0.12455971821966058,87.39228046229583,2448.453798066544,5.0,95.66666666666667,9.0,9.0,0.05226480836236934,0.5555555555555556,0.09407665505226481,84.95400420007637,2500.1343298969073,4.6,92.2,9.0,9.0,0.049891540130151846,0.5111111111111111,0.09761388286334056,85.78195326000355,2469.9088220396243,4.4,67.0,9.1,8.7,0.06567164179104477,0.4835164835164835,0.12985074626865672,86.7175705727744,2448.6050472154625,0.5999999999999996,-1.7635663726980368,-0.03577409121639191,233,8.5,0.7898368298368299,8b84f5c8a8eec852cbc8ab761818b5dc,2026-04-20T22:11:00Z,Cleveland Guardians,Houston Astros,betmgm,,pitcher_strikeouts,Spencer Arrighetti,Under,under,-160.0
Slade Cecconi,CLE,HOU,4.5751424,FanDuel,over,3.5,-172,1.0751423835754395,official,2026-04-20,824450,677944,CLE,HOU,1,,slade cecconi,53,3,5,10,3.7358490566037736,71.67924528301887,8.60377358490566,6.6415094339622645,0.05211897867859963,0.4342105263157895,0.09265596209528823,88.78645126460539,2344.7825714719347,5.0,88.66666666666667,9.0,10.666666666666666,0.05639097744360902,0.5555555555555556,0.12030075187969924,88.74886299466023,2353.6785151049667,5.2,89.6,9.0,9.8,0.05803571428571429,0.5777777777777777,0.109375,88.65801535777175,2357.685645648346,4.6,90.7,9.0,8.3,0.050716648291069456,0.5111111111111111,0.09151047409040794,89.14016418685536,2336.252263086303,0.40000000000000036,-0.3913011921951295,0.028790277789291302,206,8.7,0.8132828282828284,8b84f5c8a8eec852cbc8ab761818b5dc,2026-04-20T22:11:00Z,Cleveland Guardians,Houston Astros,fanduel,,pitcher_strikeouts,Slade Cecconi,Over,over,-172.0
Colin Rea,CHC,PHI,5.3881044,FanDuel,over,4.5,116,0.8881044387817383,official,2026-04-20,824692,607067,CHC,PHI,1,,colin rea,93,3,5,10,4.096774193548387,77.41935483870968,8.78494623655914,7.225806451612903,0.05291666666666667,0.4663402692778458,0.09333333333333334,89.0293511761839,2120.2881072641485,7.666666666666667,85.0,9.0,12.666666666666666,0.09019607843137255,0.8518518518518519,0.14901960784313725,89.10149760001752,2112.850697268155,6.4,77.8,9.0,11.2,0.08226221079691516,0.7111111111111111,0.14395886889460155,89.31742674325776,2115.4638879319687,5.2,83.5,9.0,9.3,0.06227544910179641,0.5777777777777777,0.11137724550898204,89.62741103839151,2112.7342969957544,2.466666666666667,-0.5259134383739905,0.037642362334155216,206,10.0,1.0695959595959597,0d70750c31542bcfe935969cb9ccc66e,2026-04-20T23:41:00Z,Chicago Cubs,Philadelphia Phillies,fanduel,,pitcher_strikeouts,Colin Rea,Over,over,116.0
Max Meyer,MIA,STL,5.277503,BetMGM,over,4.5,-140,0.7775030136108398,official,2026-04-20,823879,676974,MIA,STL,1,,max meyer,24,3,5,10,4.875,86.33333333333333,9.041666666666666,9.625,0.056467181467181465,0.5391705069124424,0.11148648648648649,90.77516334392443,2378.399799388839,3.0,83.33333333333333,9.0,6.666666666666667,0.036,0.3333333333333333,0.08,91.66626821626822,2391.9256399256396,4.2,84.4,9.0,8.6,0.04976303317535545,0.4666666666666667,0.1018957345971564,91.35878532000481,2397.4693708834884,5.3,85.4,9.0,10.0,0.06206088992974239,0.5888888888888889,0.117096018735363,91.10632112789173,2416.97566136662,-2.3,0.5599470883764894,-0.037096018735363,322,9.1,0.9270707070707072,e50158ffe72f093d4037185c9d31a5eb,2026-04-20T22:41:00Z,Miami Marlins,St. Louis Cardinals,betmgm,,pitcher_strikeouts,Max Meyer,Over,over,-140.0
Dylan Cease,TOR,LAA,6.7303996,BetMGM,under,7.5,-110,0.7696003913879395,official,2026-04-20,824046,656302,LAA,TOR,0,,dylan cease,103,3,5,10,6.601941747572815,94.7864077669903,9.0,14.03883495145631,0.06965072211410427,0.7335490830636462,0.1481102120249923,90.58745754240388,2646.474037710727,6.666666666666667,103.0,9.0,14.666666666666666,0.06472491909385113,0.7407407407407407,0.1423948220064725,91.94829051987767,2628.2508562691132,6.4,100.4,9.0,15.4,0.06374501992031872,0.7111111111111111,0.15338645418326693,91.70625076096778,2657.9146594197314,6.2,94.8,9.0,14.3,0.06540084388185655,0.6888888888888889,0.15084388185654007,91.87464260573626,2675.214057584318,0.4666666666666668,0.07364791414141791,-0.00844905985006758,208,10.8,1.112121212121212,043dafafb56c1b3ebf5472c9f3fe428f,2026-04-21T01:39:00Z,Los Angeles Angels,Toronto Blue Jays,betmgm,,pitcher_strikeouts,Dylan Cease,Under,under,-110.0
Rhett Lowder,CIN,TB,4.104944,DraftKings,over,3.5,101,0.6049442291259766,lean,2026-04-20,822994,695076,TB,CIN,0,,rhett lowder,7,3,5,7,3.5714285714285716,71.14285714285714,9.0,6.857142857142857,0.050200803212851405,0.3968253968253968,0.0963855421686747,89.46822924412287,2323.7446125269926,3.3333333333333335,85.0,9.0,7.666666666666667,0.0392156862745098,0.37037037037037035,0.09019607843137255,89.38257030325997,2317.9280910660223,3.2,84.2,9.0,6.8,0.03800475059382423,0.35555555555555557,0.08076009501187649,89.31875820983055,2323.8805480194046,3.5714285714285716,71.14285714285714,9.0,6.857142857142857,0.050200803212851405,0.3968253968253968,0.0963855421686747,89.46822924412287,2323.7446125269926,-0.23809523809523814,-0.08565894086289916,-0.006189463737302156,569,8.4,0.8451515151515153,eaa622d11f4b04e532bbea382e56ca52,2026-04-20T22:41:00Z,Tampa Bay Rays,Cincinnati Reds,draftkings,,pitcher_strikeouts,Rhett Lowder,Over,over,101.0
Seth Lugo,KC,BAL,5.113521,DraftKings,under,5.5,-116,0.38647890090942383,pass,2026-04-20,824125,607625,KC,BAL,1,,seth lugo,91,3,5,10,5.175824175824176,89.96703296703296,9.10989010989011,8.098901098901099,0.0575302308537926,0.5681544028950543,0.09002076462684744,86.90516801206229,2577.0238774985214,5.0,88.66666666666667,9.0,6.333333333333333,0.05639097744360902,0.5555555555555556,0.07142857142857142,85.09522296682388,2693.5148920327624,3.6,88.0,9.0,5.2,0.04090909090909091,0.4,0.05909090909090909,85.51844343014736,2619.80872313058,4.2,88.3,9.0,6.5,0.04756511891279728,0.4666666666666667,0.07361268403171008,85.09605809994903,2606.42256685966,0.7999999999999998,-0.000835133125150378,-0.002184112603138652,234,10.9,1.1441414141414141,6a0b76ac89fd72cc8272b53212004e44,2026-04-20T23:41:00Z,Kansas City Royals,Baltimore Orioles,draftkings,,pitcher_strikeouts,Seth Lugo,Under,under,-116.0
Aaron Nola,PHI,CHC,5.137697,BetMGM,under,5.5,-135,0.3623027801513672,pass,2026-04-20,824692,605400,CHC,PHI,0,,aaron nola,90,3,5,10,6.0,94.47777777777777,9.1,10.8,0.06350699753028342,0.6593406593406593,0.11431259555451018,86.72591745127187,2292.2413054703356,6.0,90.33333333333333,9.0,10.333333333333334,0.06642066420664207,0.6666666666666666,0.11439114391143912,86.76354770086728,2270.084075165003,6.2,92.0,9.0,10.0,0.06739130434782609,0.6888888888888889,0.10869565217391304,86.7660009609459,2273.409168503257,5.2,87.5,9.0,9.1,0.05942857142857143,0.5777777777777777,0.104,86.50681537187414,2293.81982705286,0.7999999999999998,0.256732328993138,0.010391143911439124,206,8.7,0.8551010101010101,0d70750c31542bcfe935969cb9ccc66e,2026-04-20T23:41:00Z,Chicago Cubs,Philadelphia Phillies,betmgm,,pitcher_strikeouts,Aaron Nola,Under,under,-135.0
Jake Irvin,WSH,ATL,3.8224392,FanDuel,over,3.5,-130,0.32243919372558594,pass,2026-04-20,822749,663623,WSH,ATL,1,,jake irvin,92,3,5,10,4.195652173913044,90.30434782608695,9.08695652173913,7.445652173913044,0.046461242176215695,0.46172248803827753,0.08245064997592681,88.54418606655692,2375.6475709230817,5.333333333333333,89.33333333333333,9.0,7.333333333333333,0.05970149253731343,0.5925925925925926,0.08208955223880597,88.82319496070636,2388.342483082495,4.4,84.2,9.0,7.4,0.052256532066508314,0.4888888888888889,0.08788598574821853,88.2548817386544,2390.9717915942797,3.6,85.1,9.0,7.2,0.04230317273795535,0.4,0.0846063454759107,87.42728845762693,2380.7887872909414,1.733333333333333,1.3959065030794306,-0.002516793237104728,205,7.9,0.8077777777777777,6e7862ded6af1d5c6d82f19895ccd191,2026-04-20T22:46:00Z,Washington Nationals,Atlanta Braves,fanduel,,pitcher_strikeouts,Jake Irvin,Over,over,-130.0
Michael McGreevy,STL,MIA,3.658904,DraftKings,over,3.5,125,0.1589040756225586,pass,2026-04-20,823879,700241,MIA,STL,0,,michael mcgreevy,22,3,5,10,3.6363636363636362,83.36363636363636,9.181818181818182,6.909090909090909,0.04362050163576881,0.39603960396039606,0.08287895310796074,88.48825969459718,2256.117088085411,3.6666666666666665,89.66666666666667,9.0,6.666666666666667,0.040892193308550186,0.4074074074074074,0.07434944237918216,88.28808201058202,2221.9176480926476,3.6,85.0,9.0,6.8,0.042352941176470586,0.4,0.08,88.19347142857144,2221.9866382383047,3.5,85.1,9.0,6.3,0.041128084606345476,0.3888888888888889,0.07403055229142186,88.22389543074398,2244.8710459178064,0.16666666666666652,0.06418657983803655,0.00031889008776030126,205,7.2,0.6737518037518038,e50158ffe72f093d4037185c9d31a5eb,2026-04-20T22:41:00Z,Miami Marlins,St. Louis Cardinals,draftkings,,pitcher_strikeouts,Michael McGreevy,Over,over,125.0
